{
  "demo": false,
  "per_config": {
    "full": {
      "acc": 0.9596774193548387,
      "prec": 0.967479674796748,
      "rec": 0.9916666666666667,
      "f1": 0.9794238683127573,
      "fpr": 1.0,
      "fnr": 0.008333333333333333,
      "tp": 119,
      "fp": 4,
      "tn": 0,
      "fn": 1,
      "f1_ci": [
        0.957983193277311,
        0.9959514170040485
      ],
      "f1_drop_vs_full": 0.0
    },
    "no_pki": {
      "acc": 0.7983870967741935,
      "prec": 0.9611650485436893,
      "rec": 0.825,
      "f1": 0.8878923766816144,
      "fpr": 1.0,
      "fnr": 0.175,
      "tp": 99,
      "fp": 4,
      "tn": 0,
      "fn": 21,
      "f1_ci": [
        0.8411214953271028,
        0.9310344827586206
      ],
      "f1_drop_vs_full": 0.09153149163114294
    },
    "no_b1": {
      "acc": 0.8064516129032258,
      "prec": 0.9615384615384616,
      "rec": 0.8333333333333334,
      "f1": 0.8928571428571429,
      "fpr": 1.0,
      "fnr": 0.16666666666666666,
      "tp": 100,
      "fp": 4,
      "tn": 0,
      "fn": 20,
      "f1_ci": [
        0.8465116279069768,
        0.9310344827586207
      ],
      "f1_drop_vs_full": 0.08656672545561439
    },
    "no_mbd": {
      "acc": 0.7983870967741935,
      "prec": 0.9611650485436893,
      "rec": 0.825,
      "f1": 0.8878923766816144,
      "fpr": 1.0,
      "fnr": 0.175,
      "tp": 99,
      "fp": 4,
      "tn": 0,
      "fn": 21,
      "f1_ci": [
        0.8411214953271028,
        0.9264069264069266
      ],
      "f1_drop_vs_full": 0.09153149163114294
    },
    "no_b2": {
      "acc": 0.7983870967741935,
      "prec": 0.9611650485436893,
      "rec": 0.825,
      "f1": 0.8878923766816144,
      "fpr": 1.0,
      "fnr": 0.175,
      "tp": 99,
      "fp": 4,
      "tn": 0,
      "fn": 21,
      "f1_ci": [
        0.8411214953271028,
        0.9264069264069266
      ],
      "f1_drop_vs_full": 0.09153149163114294
    },
    "no_cp": {
      "acc": 0.7983870967741935,
      "prec": 0.9611650485436893,
      "rec": 0.825,
      "f1": 0.8878923766816144,
      "fpr": 1.0,
      "fnr": 0.175,
      "tp": 99,
      "fp": 4,
      "tn": 0,
      "fn": 21,
      "f1_ci": [
        0.8411214953271028,
        0.9264069264069265
      ],
      "f1_drop_vs_full": 0.09153149163114294
    },
    "no_b3": {
      "acc": 0.7983870967741935,
      "prec": 0.9611650485436893,
      "rec": 0.825,
      "f1": 0.8878923766816144,
      "fpr": 1.0,
      "fnr": 0.175,
      "tp": 99,
      "fp": 4,
      "tn": 0,
      "fn": 21,
      "f1_ci": [
        0.8411214953271028,
        0.9264069264069266
      ],
      "f1_drop_vs_full": 0.09153149163114294
    },
    "no_fusion": {
      "acc": 0.9596774193548387,
      "prec": 0.967479674796748,
      "rec": 0.9916666666666667,
      "f1": 0.9794238683127573,
      "fpr": 1.0,
      "fnr": 0.008333333333333333,
      "tp": 119,
      "fp": 4,
      "tn": 0,
      "fn": 1,
      "f1_ci": [
        0.957983193277311,
        0.9959514170040485
      ],
      "f1_drop_vs_full": 0.0
    }
  }
}