{
  "manifest": {
    "experiment": "b3_calibration",
    "timestamp_utc": "2026-07-13T19:08:32Z",
    "checkpoint": {
      "ok": true,
      "path": "/mnt/c/Users/mukil/Downloads/stbv_engine/b3/solution_stb/b3_semantic_gate/model/semantic_gate_v3/pytorch_model.bin",
      "size_bytes": 567622450,
      "sha256_16": "9ee7475e08f76ce6"
    },
    "torch": {
      "ok": true,
      "version": "2.13.0+cu130",
      "cuda": true,
      "device_name": "NVIDIA GeForce RTX 4050 Laptop GPU"
    },
    "python": "3.12.3",
    "platform": "Linux 6.6.87.2-microsoft-standard-WSL2 x86_64"
  },
  "n": 85,
  "before": {
    "ece": 0.061862554357311056,
    "brier": 0.06130160937897184,
    "reliability": [
      null,
      null,
      null,
      null,
      null,
      {
        "avg_conf": 0.5373041754511882,
        "accuracy": 0.0,
        "count": 1
      },
      null,
      null,
      null,
      {
        "avg_conf": 0.9966787255347649,
        "accuracy": 0.9404761904761905,
        "count": 84
      }
    ]
  },
  "temperature": 2.144598003491752,
  "after": {
    "ece": 0.02795620013631494,
    "brier": 0.05529318807477248,
    "reliability": [
      null,
      null,
      null,
      null,
      null,
      {
        "avg_conf": 0.5174198138550042,
        "accuracy": 0.0,
        "count": 1
      },
      null,
      {
        "avg_conf": 0.7797005058409465,
        "accuracy": 1.0,
        "count": 1
      },
      {
        "avg_conf": 0.8709489944878581,
        "accuracy": 0.6666666666666666,
        "count": 6
      },
      {
        "avg_conf": 0.9556770943292784,
        "accuracy": 0.961038961038961,
        "count": 77
      }
    ]
  },
  "confidence_histogram_10bin": [
    0,
    0,
    0,
    0,
    0,
    1,
    0,
    0,
    0,
    84
  ],
  "recommendation": "Apply temperature T=2.145 in b3_bridge before risk banding if ECE improved materially (>0.01). This changes NO labels; it only rescales confidence, which B3RiskPolicy and the DS mass depend on."
}