{
  "manifest": {
    "experiment": "b3_model_benchmark",
    "timestamp_utc": "2026-07-19T15:28:31Z",
    "checkpoint": {
      "ok": true,
      "path": "C:\\semantic-trust-boundary-violation\\b3\\solution_stb\\b3_semantic_gate\\model\\semantic_gate_v3\\pytorch_model.bin",
      "size_bytes": 567622450,
      "sha256_16": "9ee7475e08f76ce6"
    },
    "torch": {
      "ok": true,
      "version": "2.6.0+cu124",
      "cuda": true,
      "device_name": "NVIDIA GeForce RTX 3050 Laptop GPU"
    },
    "python": "3.12.10",
    "platform": "Windows 11 AMD64",
    "candidates": [
      "microsoft/deberta-v3-base",
      "roberta-base",
      "answerdotai/ModernBERT-base",
      "distilroberta-base",
      "microsoft/MiniLM-L12-H384-uncased"
    ],
    "epochs": 3,
    "seeds": [
      0
    ]
  },
  "results": {
    "INCUMBENT (semantic_gate_v3)": {
      "accuracy": 0.8333333333333334,
      "precision": 1.0,
      "recall": 0.8095238095238095,
      "f1": 0.8947368421052632,
      "tp": 17,
      "fp": 0,
      "fn": 4,
      "tn": 3,
      "latency_ms": {
        "p50": 21.648199999617646,
        "p95": 30.473499999970954,
        "mean": 24.387270999991415
      },
      "parameters": 141896450,
      "train_seconds": null,
      "note": "already fine-tuned; not retrained here"
    },
    "microsoft/deberta-v3-base": {
      "error": "ValueError: `tiktoken` is required to read a `tiktoken` file. Install it with `pip install tiktoken`."
    },
    "roberta-base": {
      "accuracy": 0.875,
      "precision": 0.875,
      "recall": 1.0,
      "f1": 0.9333333333333333,
      "tp": 21,
      "fp": 3,
      "fn": 0,
      "tn": 0,
      "latency_ms": {
        "p50": 12.059700000008888,
        "p95": 12.714599999981147,
        "mean": 12.080730999978186
      },
      "parameters": 124647170,
      "train_seconds": 33.96079529999997
    },
    "answerdotai/ModernBERT-base": {
      "accuracy": 0.875,
      "precision": 0.875,
      "recall": 1.0,
      "f1": 0.9333333333333333,
      "tp": 21,
      "fp": 3,
      "fn": 0,
      "tn": 0,
      "latency_ms": {
        "p50": 52.614899999753106,
        "p95": 54.27480000025753,
        "mean": 52.422267000010834
      },
      "parameters": 149606402,
      "train_seconds": 117.22121660000039
    },
    "distilroberta-base": {
      "accuracy": 0.875,
      "precision": 0.875,
      "recall": 1.0,
      "f1": 0.9333333333333333,
      "tp": 21,
      "fp": 3,
      "fn": 0,
      "tn": 0,
      "latency_ms": {
        "p50": 53.92219999976078,
        "p95": 54.89530000022569,
        "mean": 53.97415899999032
      },
      "parameters": 82119938,
      "train_seconds": 19.897495700000036
    },
    "microsoft/MiniLM-L12-H384-uncased": {
      "accuracy": 0.875,
      "precision": 0.875,
      "recall": 1.0,
      "f1": 0.9333333333333333,
      "tp": 21,
      "fp": 3,
      "fn": 0,
      "tn": 0,
      "latency_ms": {
        "p50": 19.99740000019301,
        "p95": 30.461100000138686,
        "mean": 19.703550000008363
      },
      "parameters": 33360770,
      "train_seconds": 5.943910599999981
    }
  },
  "decision": "SWAP JUSTIFIED: roberta-base beats incumbent by 3.86 F1 points (>= 2.0) within the latency tolerance. Verify on a second seed before adopting.",
  "swap_rule": {
    "f1_margin_points": 2.0,
    "latency_tolerance": 1.25
  }
}