{
  "n_messages": 1800,
  "seeds": [
    1,
    2,
    3
  ],
  "full_stack": true,
  "confusion": {
    "tp": 1551,
    "fp": 15,
    "fn": 24,
    "tn": 210
  },
  "metrics": {
    "accuracy": 0.9783333333333334,
    "precision": 0.9904214559386973,
    "recall": 0.9847619047619047,
    "f1": 0.9875835721107927,
    "fpr": 0.06666666666666667
  },
  "catch_layer_counts": {
    "B3": 133,
    "ACCEPT": 2,
    "B2": 622,
    "B1": 1043
  },
  "per_family": {
    "prompt_injection": {
      "correct": 225,
      "total": 225,
      "acc": 1.0
    },
    "instruction_override": {
      "correct": 225,
      "total": 225,
      "acc": 1.0
    },
    "role_manipulation": {
      "correct": 225,
      "total": 225,
      "acc": 1.0
    },
    "context_poisoning": {
      "correct": 299,
      "total": 300,
      "acc": 0.9966666666666667
    },
    "multi_message": {
      "correct": 132,
      "total": 150,
      "acc": 0.88
    },
    "tool_manipulation": {
      "correct": 146,
      "total": 150,
      "acc": 0.9733333333333334
    },
    "retrieval_poisoning": {
      "correct": 149,
      "total": 150,
      "acc": 0.9933333333333333
    },
    "mixed_attacks": {
      "correct": 150,
      "total": 150,
      "acc": 1.0
    },
    "benign_controls": {
      "correct": 210,
      "total": 225,
      "acc": 0.9333333333333333
    }
  },
  "latency_ms": {
    "p50": 70.10410000020784,
    "p90": 103.38909999995849,
    "p95": 111.57570000000305,
    "p99": 136.27130000008947,
    "mean": 78.95877527778049
  }
}